Workbook

Sheet KPI'S
A3: First close | B3: =INDEX(applerevenue!E:E, MATCH(MIN(applerevenue!A:A),applerevenue!A:A, 0)) -> 0.1003
A4: Last close | B4: =INDEX(applerevenue!E:E,MATCH(MAX(applerevenue!A:A),applerevenue!A:A,0)) -> 155.74
A5: Growth rate | C5: =(B4-B3)/B3 -> 1551.7418
A6: Compound Annual Growth Rate(CAGR) | B6: =(MAX(applerevenue!A:A)-MIN(applerevenue!A:A))/365 -> 41.90411 | C6: =(B4/B3)^(1/B6)-1 -> 0.19166015
A7: Average Annual Return | C7: =AVERAGE('Annual Growth Rate'!F4:F45) -> 0.2786055
A8: Best Growth year | C8: =MAX('Annual Growth Rate'!F4:F45) -> 1.6276395 | D8: 2005
A9: Worst growth year | C9: =MIN('Annual Growth Rate'!F4:F45) -> -0.55768062 | D9: 2001
A10: Latest closing price | C10: 155.74

Sheet Dashboard

Sheet Clsing Price Trend
A3: Row Labels | B3: Average of close ($) | D3: YEAR | E3: Closing Price | F3: Year | G3: Closing Price
A4: 1980 | B4: 0.1062 | D4: 1980 | E4: 0.1062 | F4: 1980-1984 | G4: =AVERAGE(E4:E8) -> 0.096432405
A5: 1981 | B5: 0.084802778 | D5: 1981 | E5: 0.084802778 | F5: 1985-1989 | G5: =AVERAGE(E9:E13) -> 0.20847262
A6: 1982 | B6: 0.066778261 | D6: 1982 | E6: 0.066778261 | F6: 1990-1994 | G6: =AVERAGE(E14:E18) -> 0.32151331
A7: 1983 | B7: 0.13089008 | D7: 1983 | E7: 0.13089008 | F7: 1995-1999 | G7: =AVERAGE(E19:E23) -> 0.26148799
A8: 1984 | B8: 0.093490909 | D8: 1984 | E8: 0.093490909 | F8: 2000-2004 | G8: =AVERAGE(E24:E28) -> 0.42424125
A9: 1985 | B9: 0.070440316 | D9: 1985 | E9: 0.070440316 | F9: 2005-2009 | G9: =AVERAGE(E29:E33) -> 3.2597695
A10: 1986 | B10: 0.11323636 | D10: 1986 | E10: 0.11323636 | F10: 2010-2014 | G10: =AVERAGE(E34:E38) -> 14.398118
A11: 1987 | B11: 0.27179921 | D11: 1987 | E11: 0.27179921 | F11: 2015-2019 | G11: =AVERAGE(E39:E43) -> 36.666587
A12: 1988 | B12: 0.29162095 | D12: 1988 | E12: 0.29162095 | F12: 2020-2022* | G12: =AVERAGE(E44:E46) -> 130.42856
A13: 1989 | B13: 0.29526627 | D13: 1989 | E13: 0.29526627
A14: 1990 | B14: 0.26911621 | D14: 1990 | E14: 0.26911621
A15: 1991 | B15: 0.38023518 | D15: 1991 | E15: 0.38023518
A16: 1992 | B16: 0.40046417 | D16: 1992 | E16: 0.40046417
A17: 1993 | B17: 0.30254625 | D17: 1993 | E17: 0.30254625
A18: 1994 | B18: 0.25520476 | D18: 1994 | E18: 0.25520476
A19: 1995 | B19: 0.30720238 | D19: 1995 | E19: 0.30720238
A20: 1996 | B20: 0.18994055 | D20: 1996 | E20: 0.18994055
A21: 1997 | B21: 0.13694783 | D21: 1997 | E21: 0.13694783
A22: 1998 | B22: 0.23298373 | D22: 1998 | E22: 0.23298373
A23: 1999 | B23: 0.44036548 | D23: 1999 | E23: 0.44036548
A24: 2000 | B24: 0.69688095 | D24: 2000 | E24: 0.69688095
... A46: 2022 | B46: 157.1806 | D46: 2022 | E46: 157.1806
A47: Grand Total | B47: 15.318012 | D47: Grand Total | E47: 15.318012

Sheet Annual Growth Rate
A3: Row Labels | B3: Average of close | D3: Row Labels | E3: Average of close | F3: Growth Rate | G3: YEAR | H3: GROWTH RATE
A4: 1980 | B4: 0.1062 | D4: 1980 | E4: 0.1062 | F4: =(E5-E4)/E4 -> -0.20148044 | G4: 1980-1984 | H4: =AVERAGE(F4:F8) -> 0.0027518971
A5: 1981 | B5: 0.084802778 | D5: 1981 | E5: 0.084802778 | F5: =(E6-E5)/E5 -> -0.2125463 | G5: 1985-1989 | H5: =AVERAGE(F9:F13) -> 0.40093925
A6: 1982 | B6: 0.066778261 | D6: 1982 | E6: 0.066778261 | F6: =(E7-E6)/E6 -> 0.9600702 | G6: 1990-1994 | H6: =AVERAGE(F14:F18) -> 0.053773055
A7: 1983 | B7: 0.13089008 | D7: 1983 | E7: 0.13089008 | F7: =(E8-E7)/E7 -> -0.2857296 | G7: 1995-1999 | H7: =AVERAGE(F19:F23) -> 0.30263448
A8: 1984 | B8: 0.093490909 | D8: 1984 | E8: 0.093490909 | F8: =(E9-E8)/E8 -> -0.24655438 | G8: 2000-2004 | H8: =AVERAGE(F24:F28) -> 0.38027488
A9: 1985 | B9: 0.070440316 | D9: 1985 | E9: 0.070440316 | F9: =(E10-E9)/E9 -> 0.60755047 | G9: 2005-2009 | H9: =AVERAGE(F29:F33) -> 0.44786736
A10: 1986 | B10: 0.11323636 | D10: 1986 | E10: 0.11323636 | F10: =(E11-E10)/E10 -> 1.400282 | G10: 2010-2014 | H10: =AVERAGE(F34:F38) -> 0.30940168
A11: 1987 | B11: 0.27179921 | D11: 1987 | E11: 0.27179921 | F11: =(E12-E11)/E11 -> 0.072927876 | G11: 2015-2019 | H11: =AVERAGE(F39:F43) -> 0.32043665
A12: 1988 | B12: 0.29162095 | D12: 1988 | E12: 0.29162095 | F12: =(E13-E12)/E12 -> 0.012500204 | G12: 2020-2022 | H12: =AVERAGE(F44:F45) -> 0.30551732
A13: 1989 | B13: 0.29526627 | D13: 1989 | E13: 0.29526627 | F13: =(E14-E13)/E13 -> -0.088564347
A14: 1990 | B14: 0.26911621 | D14: 1990 | E14: 0.26911621 | F14: =(E15-E14)/E14 -> 0.41290331
A15: 1991 | B15: 0.38023518 | D15: 1991 | E15: 0.38023518 | F15: =(E16-E15)/E15 -> 0.053201273
A16: 1992 | B16: 0.40046417 | D16: 1992 | E16: 0.40046417 | F16: =(E17-E16)/E16 -> -0.24451108
A17: 1993 | B17: 0.30254625 | D17: 1993 | E17: 0.30254625 | F17: =(E18-E17)/E17 -> -0.15647685
A18: 1994 | B18: 0.25520476 | D18: 1994 | E18: 0.25520476 | F18: =(E19-E18)/E18 -> 0.20374862
A19: 1995 | B19: 0.30720238 | D19: 1995 | E19: 0.30720238 | F19: =(E20-E19)/E19 -> -0.38170873
A20: 1996 | B20: 0.18994055 | D20: 1996 | E20: 0.18994055 | F20: =(E21-E20)/E20 -> -0.27899637
A21: 1997 | B21: 0.13694783 | D21: 1997 | E21: 0.13694783 | F21: =(E22-E21)/E21 -> 0.70125906
A22: 1998 | B22: 0.23298373 | D22: 1998 | E22: 0.23298373 | F22: =(E23-E22)/E22 -> 0.89011257
A23: 1999 | B23: 0.44036548 | D23: 1999 | E23: 0.44036548 | F23: =(E24-E23)/E23 -> 0.58250587
A24: 2000 | B24: 0.69688095 | D24: 2000 | E24: 0.69688095 | F24: =(E25-E24)/E24 -> -0.55768062
... A45: 2021 | B45: 140.0335 | D45: 2021 | E45: 140.0335 | F45: =(E46-E45)/E45 -> 0.12245002
A46: 2022 | B46: 157.1806 | D46: 2022 | E46: 157.1806
A47: Grand Total | B47: 15.318012

Sheet MA VS closing proce trend 
A3: Row Labels | B3: Closing Price | G3: 1980 | H3: 0.1062 | I3: YEAR | J3: CLOSING PRICE
A4: 1980 | B4: 0.1062 | G4: 1981 | H4: 0.084802778 | I4: 1980-1984 | J4: =AVERAGE(H3:H7) -> 0.096432405
A5: 1981 | B5: 0.084802778 | G5: 1982 | H5: 0.066778261 | I5: 1985-1989 | J5: =AVERAGE(H8:H12) -> 0.20847262
A6: 1982 | B6: 0.066778261 | G6: 1983 | H6: 0.13089008 | I6: 1990-1994 | J6: =AVERAGE(H13:H17) -> 0.32151331
A7: 1983 | B7: 0.13089008 | G7: 1984 | H7: 0.093490909 | I7: 1995-1999 | J7: =AVERAGE(H18:H22) -> 0.26148799
A8: 1984 | B8: 0.093490909 | G8: 1985 | H8: 0.070440316 | I8: 2000-2004 | J8: =AVERAGE(H23:H27) -> 0.42424125
A9: 1985 | B9: 0.070440316 | G9: 1986 | H9: 0.11323636 | I9: 2005-2009 | J9: =AVERAGE(H28:H32) -> 3.2597695
A10: 1986 | B10: 0.11323636 | G10: 1987 | H10: 0.27179921 | I10: 2010-2014 | J10: =AVERAGE(H33:H37) -> 14.398118
A11: 1987 | B11: 0.27179921 | G11: 1988 | H11: 0.29162095 | I11: 2015-2019 | J11: =AVERAGE(H38:H42) -> 36.666587
A12: 1988 | B12: 0.29162095 | G12: 1989 | H12: 0.29526627 | I12: 2020-2022* | J12: =AVERAGE(H43:H45) -> 130.42856
A13: 1989 | B13: 0.29526627 | G13: 1990 | H13: 0.26911621
A14: 1990 | B14: 0.26911621 | G14: 1991 | H14: 0.38023518
A15: 1991 | B15: 0.38023518 | G15: 1992 | H15: 0.40046417
A16: 1992 | B16: 0.40046417 | G16: 1993 | H16: 0.30254625
A17: 1993 | B17: 0.30254625 | G17: 1994 | H17: 0.25520476
A18: 1994 | B18: 0.25520476 | G18: 1995 | H18: 0.30720238
A19: 1995 | B19: 0.30720238 | G19: 1996 | H19: 0.18994055
A20: 1996 | B20: 0.18994055 | G20: 1997 | H20: 0.13694783
A21: 1997 | B21: 0.13694783 | G21: 1998 | H21: 0.23298373
A22: 1998 | B22: 0.23298373 | G22: 1999 | H22: 0.44036548
A23: 1999 | B23: 0.44036548 | G23: 2000 | H23: 0.69688095
A24: 2000 | B24: 0.69688095 | G24: 2001 | H24: 0.30824395
... A45: 2021 | B45: 140.0335 | G45: 2022 | H45: 157.1806
A46: 2022 | B46: 157.1806 | G46: Grand Total | H46: 15.318012
A47: Grand Total | B47: 15.318012

Sheet volume Trend 
N1: YEAR | O1: VOLUME
K2: 1980 | L2: 1344851200 | N2: 1980-1984 | O2: =AVERAGE(L2:L6) -> 22913300480
A3: Row Labels | B3: Sum of volume | K3: 1981 | L3: 8196944000 | N3: 1985-1989 | O3: =AVERAGE(L7:L11) -> 5.012305e+10
A4: 1980 | B4: 1344851200 | K4: 1982 | L4: 21365008000 | N4: 1990-1994 | O4: =AVERAGE(L12:L16) -> 51299265920
A5: 1981 | B5: 8196944000 | K5: 1983 | L5: 41680665600 | N5: 1995-1999 | O5: =AVERAGE(L17:L21) -> 89262718847
A6: 1982 | B6: 21365008000 | K6: 1984 | L6: 41979033600 | N6: 2000-2004 | O6: =AVERAGE(L22:L26) -> 9.5633422e+10
A7: 1983 | B7: 41680665600 | K7: 1985 | L7: 45493273504 | N7: 2005-2009 | O7: =AVERAGE(L27:L31) -> 213013818715
A8: 1984 | B8: 41979033600 | K8: 1986 | L8: 53323222400 | N8: 2010-2014 | O8: =AVERAGE(L16:L20) -> 7.3515372e+10
A9: 1985 | B9: 45493273504 | K9: 1987 | L9: 59599948800 | N9: 2015-2019 | O9: =AVERAGE(L37:L41) -> 36149719428
A10: 1986 | B10: 53323222400 | K10: 1988 | L10: 41292977600 | N10: 2020-2022* | O10: =AVERAGE(L42:L44) -> 26873603352
A11: 1987 | B11: 59599948800 | K11: 1989 | L11: 50905825600
A12: 1988 | B12: 41292977600 | K12: 1990 | L12: 44401940800
A13: 1989 | B13: 50905825600 | K13: 1991 | L13: 57347651200
A14: 1990 | B14: 44401940800 | K14: 1992 | L14: 41137913600
A15: 1991 | B15: 57347651200 | K15: 1993 | L15: 56452928000
A16: 1992 | B16: 41137913600 | K16: 1994 | L16: 57155896000
A17: 1993 | B17: 56452928000 | K17: 1995 | L17: 74266539200
A18: 1994 | B18: 57155896000 | K18: 1996 | L18: 53194220800
A19: 1995 | B19: 74266539200 | K19: 1997 | L19: 68312408894
A20: 1996 | B20: 53194220800 | K20: 1998 | L20: 114647794494
A21: 1997 | B21: 68312408894 | K21: 1999 | L21: 135892630847
A22: 1998 | B22: 114647794494 | K22: 2000 | L22: 114505134494
... A45: 2021 | B45: 22662502777 | K45: Grand Total | L45: 3445691975038
A46: 2022 | B46: 18292809673
A47: Grand Total | B47: 3445691975038

Sheet volatility 
A3: Row Labels | B3: Average of Volatility
A4: 1980 | B4: 0.00043076923 | D4: 1980 | E4: 0.00043076923 | F4: 1980-1984 | G4: =AVERAGE(E4:E8) -> 0.002431928
A5: 1981 | B5: 0.00055714286 | D5: 1981 | E5: 0.00055714286 | F5: 1985-1989 | G5: =AVERAGE(E9:E13) -> 0.0072723857
A6: 1982 | B6: 0.0015873518 | D6: 1982 | E6: 0.0015873518 | F6: 1990-1994 | G6: =AVERAGE(E14:E18) -> 0.011328112
A7: 1983 | B7: 0.0059472222 | D7: 1983 | E7: 0.0059472222 | F7: 1995-1999 | G7: =AVERAGE(E19:E23) -> 0.011108136
A8: 1984 | B8: 0.0036371542 | D8: 1984 | E8: 0.0036371542 | F8: 2000-2004 | G8: =AVERAGE(E24:E28) -> 0.020039169
A9: 1985 | B9: 0.0016229249 | D9: 1985 | E9: 0.0016229249 | F9: 2005-2009 | G9: =AVERAGE(E29:E33) -> 0.1049292
A10: 1986 | B10: 0.0037849802 | D10: 1986 | E10: 0.0037849802 | F10: 2010-2014 | G10: =AVERAGE(E34:E38) -> 0.27700624
A11: 1987 | B11: 0.012493281 | D11: 1987 | E11: 0.012493281 | F11: 2015-2019 | G11: =AVERAGE(E39:E43) -> 0.6359923
A12: 1988 | B12: 0.0090928854 | D12: 1988 | E12: 0.0090928854 | F12: 2020-2022* | G12: =AVERAGE(E44:E46) -> 3.2620243
A13: 1989 | B13: 0.0093678571 | D13: 1989 | E13: 0.0093678571
A14: 1990 | B14: 0.010052964 | D14: 1990 | E14: 0.010052964
A15: 1991 | B15: 0.013888142 | D15: 1991 | E15: 0.013888142
A16: 1992 | B16: 0.011961024 | D16: 1992 | E16: 0.011961024
A17: 1993 | B17: 0.011016206 | D17: 1993 | E17: 0.011016206
A18: 1994 | B18: 0.0097222222 | D18: 1994 | E18: 0.0097222222
A19: 1995 | B19: 0.010291667 | D19: 1995 | E19: 0.010291667
A20: 1996 | B20: 0.006992126 | D20: 1996 | E20: 0.006992126
A21: 1997 | B21: 0.0055640316 | D21: 1997 | E21: 0.0055640316
A22: 1998 | B22: 0.011353175 | D22: 1998 | E22: 0.011353175
A23: 1999 | B23: 0.021339683 | D23: 1999 | E23: 0.021339683
A24: 2000 | B24: 0.043990079 | D24: 2000 | E24: 0.043990079
... A46: 2022 | B46: 4.2199202 | D46: 2022 | E46: 4.2199202
A47: Grand Total | B47: 0.34371691

Sheet applerevenue
A1: date | B1: open | C1: high | D1: low | E1: close | F1: volume | G1: profit or not | H1: Volatility
A2: 29567 | B2: 0.1003 | C2: 0.1007 | D2: 0.1003 | E2: 0.1003 | F2: 469033600 | G2: 0 | H2: =applerevenue[[#This Row],[high]]-applerevenue[[#This Row],[low]] -> 0.0004
A3: 29570 | B3: 0.0955 | C3: 0.0955 | D3: 0.0951 | E3: 0.0951 | F3: 175884800 | G3: 1 | H3: =applerevenue[[#This Row],[high]]-applerevenue[[#This Row],[low]] -> 0.0004
A4: 29571 | B4: 0.0885 | C4: 0.0885 | D4: 0.0881 | E4: 0.0881 | F4: 105728000 | G4: 1 | H4: =applerevenue[[#This Row],[high]]-applerevenue[[#This Row],[low]] -> 0.0004
A5: 29572 | B5: 0.0902 | C5: 0.0907 | D5: 0.0902 | E5: 0.0902 | F5: 86441600 | G5: 0 | H5: =applerevenue[[#This Row],[high]]-applerevenue[[#This Row],[low]] -> 0.0005
A6: 29573 | B6: 0.0929 | C6: 0.0933 | D6: 0.0929 | E6: 0.0929 | F6: 73449600 | G6: 0 | H6: =applerevenue[[#This Row],[high]]-applerevenue[[#This Row],[low]] -> 0.0004
A7: 29574 | B7: 0.0985 | C7: 0.099 | D7: 0.0985 | E7: 0.0985 | F7: 48630400 | G7: 0 | H7: =applerevenue[[#This Row],[high]]-applerevenue[[#This Row],[low]] -> 0.0005
A8: 29577 | B8: 0.1034 | C8: 0.1038 | D8: 0.1034 | E8: 0.1034 | F8: 37363200 | G8: 0 | H8: =applerevenue[[#This Row],[high]]-applerevenue[[#This Row],[low]] -> 0.0004
A9: 29578 | B9: 0.1077 | C9: 0.1081 | D9: 0.1077 | E9: 0.1077 | F9: 46950400 | G9: 0 | H9: =applerevenue[[#This Row],[high]]-applerevenue[[#This Row],[low]] -> 0.0004
A10: 29579 | B10: 0.1134 | C10: 0.1138 | D10: 0.1134 | E10: 0.1134 | F10: 48003200 | G10: 0 | H10: =applerevenue[[#This Row],[high]]-applerevenue[[#This Row],[low]] -> 0.0004
A11: 29581 | B11: 0.1238 | C11: 0.1243 | D11: 0.1238 | E11: 0.1238 | F11: 55574400 | G11: 0 | H11: =applerevenue[[#This Row],[high]]-applerevenue[[#This Row],[low]] -> 0.0005
A12: 29584 | B12: 0.1256 | C12: 0.126 | D12: 0.1256 | E12: 0.1256 | F12: 93161600 | G12: 0 | H12: =applerevenue[[#This Row],[high]]-applerevenue[[#This Row],[low]] -> 0.0004
A13: 29585 | B13: 0.123 | C13: 0.123 | D13: 0.1225 | E13: 0.1225 | F13: 68880000 | G13: 1 | H13: =applerevenue[[#This Row],[high]]-applerevenue[[#This Row],[low]] -> 0.0005
... A10560: 44862 | B10560: 148.2 | C10560: 157.5 | D10560: 147.82 | E10560: 155.74 | F10560: 162857942 | G10560: 0 | H10560: =applerevenue[[#This Row],[high]]-applerevenue[[#This Row],[low]] -> 9.68

Sheet Sheet6
A1: Date | B1: Volatility
A2: 29567 | B2: =applerevenue[[#This Row],[high]]-applerevenue[[#This Row],[low]] -> 0.0004
A3: 29570 | B3: =applerevenue[[#This Row],[high]]-applerevenue[[#This Row],[low]] -> 0.0004
A4: 29571 | B4: =applerevenue[[#This Row],[high]]-applerevenue[[#This Row],[low]] -> 0.0004
A5: 29572 | B5: =applerevenue[[#This Row],[high]]-applerevenue[[#This Row],[low]] -> 0.0005
A6: 29573 | B6: =applerevenue[[#This Row],[high]]-applerevenue[[#This Row],[low]] -> 0.0004
A7: 29574 | B7: =applerevenue[[#This Row],[high]]-applerevenue[[#This Row],[low]] -> 0.0005
A8: 29577 | B8: =applerevenue[[#This Row],[high]]-applerevenue[[#This Row],[low]] -> 0.0004
A9: 29578 | B9: =applerevenue[[#This Row],[high]]-applerevenue[[#This Row],[low]] -> 0.0004
A10: 29579 | B10: =applerevenue[[#This Row],[high]]-applerevenue[[#This Row],[low]] -> 0.0004
A11: 29581 | B11: =applerevenue[[#This Row],[high]]-applerevenue[[#This Row],[low]] -> 0.0005
A12: 29584 | B12: =applerevenue[[#This Row],[high]]-applerevenue[[#This Row],[low]] -> 0.0004
A13: 29585 | B13: =applerevenue[[#This Row],[high]]-applerevenue[[#This Row],[low]] -> 0.0005
... A10560: 44862 | B10560: =applerevenue[[#This Row],[high]]-applerevenue[[#This Row],[low]] -> 9.68

Sheet ma vs cpt
A1: date | B1: Year | C1: close | D1: 50-MA | E1: 200-MA
A2: 29567 | B2: =YEAR(applerevenue3[[#This Row],[date]]) -> 1980 | C2: 0.1003
A3: 29570 | B3: =YEAR(applerevenue3[[#This Row],[date]]) -> 1980 | C3: 0.0951
A4: 29571 | B4: =YEAR(applerevenue3[[#This Row],[date]]) -> 1980 | C4: 0.0881
A5: 29572 | B5: =YEAR(applerevenue3[[#This Row],[date]]) -> 1980 | C5: 0.0902
A6: 29573 | B6: =YEAR(applerevenue3[[#This Row],[date]]) -> 1980 | C6: 0.0929
A7: 29574 | B7: =YEAR(applerevenue3[[#This Row],[date]]) -> 1980 | C7: 0.0985
A8: 29577 | B8: =YEAR(applerevenue3[[#This Row],[date]]) -> 1980 | C8: 0.1034
A9: 29578 | B9: =YEAR(applerevenue3[[#This Row],[date]]) -> 1980 | C9: 0.1077
A10: 29579 | B10: =YEAR(applerevenue3[[#This Row],[date]]) -> 1980 | C10: 0.1134
A11: 29581 | B11: =YEAR(applerevenue3[[#This Row],[date]]) -> 1980 | C11: 0.1238
A12: 29584 | B12: =YEAR(applerevenue3[[#This Row],[date]]) -> 1980 | C12: 0.1256
A13: 29585 | B13: =YEAR(applerevenue3[[#This Row],[date]]) -> 1980 | C13: 0.1225
... A50: 29640 | B50: =YEAR(applerevenue3[[#This Row],[date]]) -> 1981 | C50: 0.0859
A51: 29641 | B51: =YEAR(applerevenue3[[#This Row],[date]]) -> 1981 | C51: 0.0828 | D51: =AVERAGE(C2:C51) -> 0.10359
A52: 29642 | B52: =YEAR(applerevenue3[[#This Row],[date]]) -> 1981 | C52: 0.0881 | D52: =AVERAGE(C3:C52) -> 0.103346
A53: 29643 | B53: =YEAR(applerevenue3[[#This Row],[date]]) -> 1981 | C53: 0.0894 | D53: =AVERAGE(C4:C53) -> 0.103232
A54: 29644 | B54: =YEAR(applerevenue3[[#This Row],[date]]) -> 1981 | C54: 0.0924 | D54: =AVERAGE(C5:C54) -> 0.103318
A55: 29647 | B55: =YEAR(applerevenue3[[#This Row],[date]]) -> 1981 | C55: 0.0929 | D55: =AVERAGE(C6:C55) -> 0.103372
A56: 29648 | B56: =YEAR(applerevenue3[[#This Row],[date]]) -> 1981 | C56: 0.0916 | D56: =AVERAGE(C7:C56) -> 0.103346
A57: 29649 | B57: =YEAR(applerevenue3[[#This Row],[date]]) -> 1981 | C57: 0.0907 | D57: =AVERAGE(C8:C57) -> 0.10319
A58: 29650 | B58: =YEAR(applerevenue3[[#This Row],[date]]) -> 1981 | C58: 0.0902 | D58: =AVERAGE(C9:C58) -> 0.102926
A59: 29651 | B59: =YEAR(applerevenue3[[#This Row],[date]]) -> 1981 | C59: 0.0894 | D59: =AVERAGE(C10:C59) -> 0.10256
A60: 29654 | B60: =YEAR(applerevenue3[[#This Row],[date]]) -> 1981 | C60: 0.0824 | D60: =AVERAGE(C11:C60) -> 0.10194
A61: 29655 | B61: =YEAR(applerevenue3[[#This Row],[date]]) -> 1981 | C61: 0.0785 | D61: =AVERAGE(C12:C61) -> 0.101034
A62: 29656 | B62: =YEAR(applerevenue3[[#This Row],[date]]) -> 1981 | C62: 0.0754 | D62: =AVERAGE(C13:C62) -> 0.10003
... A200: 29857 | B200: =YEAR(applerevenue3[[#This Row],[date]]) -> 1981 | C200: 0.0502 | D200: =AVERAGE(C151:C200) -> 0.074026
A201: 29858 | B201: =YEAR(applerevenue3[[#This Row],[date]]) -> 1981 | C201: 0.0528 | D201: =AVERAGE(C152:C201) -> 0.073278 | E201: =AVERAGE(C2:C201) -> 0.092122
A202: 29859 | B202: =YEAR(applerevenue3[[#This Row],[date]]) -> 1981 | C202: 0.0532 | D202: =AVERAGE(C153:C202) -> 0.07266 | E202: =AVERAGE(C3:C202) -> 0.0918865
A203: 29860 | B203: =YEAR(applerevenue3[[#This Row],[date]]) -> 1981 | C203: 0.0532 | D203: =AVERAGE(C154:C203) -> 0.07205 | E203: =AVERAGE(C4:C203) -> 0.091677
A204: 29861 | B204: =YEAR(applerevenue3[[#This Row],[date]]) -> 1981 | C204: 0.0576 | D204: =AVERAGE(C155:C204) -> 0.071624 | E204: =AVERAGE(C5:C204) -> 0.0915245
A205: 29864 | B205: =YEAR(applerevenue3[[#This Row],[date]]) -> 1981 | C205: 0.0593 | D205: =AVERAGE(C156:C205) -> 0.071188 | E205: =AVERAGE(C6:C205) -> 0.09137
A206: 29865 | B206: =YEAR(applerevenue3[[#This Row],[date]]) -> 1981 | C206: 0.0589 | D206: =AVERAGE(C157:C206) -> 0.070692 | E206: =AVERAGE(C7:C206) -> 0.0912
A207: 29866 | B207: =YEAR(applerevenue3[[#This Row],[date]]) -> 1981 | C207: 0.0624 | D207: =AVERAGE(C158:C207) -> 0.070196 | E207: =AVERAGE(C8:C207) -> 0.0910195
A208: 29867 | B208: =YEAR(applerevenue3[[#This Row],[date]]) -> 1981 | C208: 0.0645 | D208: =AVERAGE(C159:C208) -> 0.069804 | E208: =AVERAGE(C9:C208) -> 0.090825
A209: 29868 | B209: =YEAR(applerevenue3[[#This Row],[date]]) -> 1981 | C209: 0.065 | D209: =AVERAGE(C160:C209) -> 0.069448 | E209: =AVERAGE(C10:C209) -> 0.0906115
A210: 29871 | B210: =YEAR(applerevenue3[[#This Row],[date]]) -> 1981 | C210: 0.0671 | D210: =AVERAGE(C161:C210) -> 0.069072 | E210: =AVERAGE(C11:C210) -> 0.09038
A211: 29872 | B211: =YEAR(applerevenue3[[#This Row],[date]]) -> 1981 | C211: 0.0671 | D211: =AVERAGE(C162:C211) -> 0.06867 | E211: =AVERAGE(C12:C211) -> 0.0900965
A212: 29873 | B212: =YEAR(applerevenue3[[#This Row],[date]]) -> 1981 | C212: 0.0632 | D212: =AVERAGE(C163:C212) -> 0.068208 | E212: =AVERAGE(C13:C212) -> 0.0897845
... A10560: 44862 | B10560: =YEAR(applerevenue3[[#This Row],[date]]) -> 2022 | C10560: 155.74 | D10560: =AVERAGE(C10511:C10560) -> 151.8002 | E10560: =AVERAGE(C10361:C10560) -> 156.47872
